INSERT INTO USERS (USER_ID,USER_NAME,USER_SURNAME,USER_EMAIL,USER_PASSWORD) VALUES (1,'Cedric','Case','erat.neque@Vestibulumanteipsum.ca','1329');
INSERT INTO USERS (USER_ID,USER_NAME,USER_SURNAME,USER_EMAIL,USER_PASSWORD) VALUES (2,'Josiah','Burke','felis.adipiscing.fringilla@tincidunt.co.uk','7147');
INSERT INTO USERS (USER_ID,USER_NAME,USER_SURNAME,USER_EMAIL,USER_PASSWORD) VALUES (3,'Samson','Munoz','id@Pellentesquehabitant.co.uk','1323');
INSERT INTO USERS (USER_ID,USER_NAME,USER_SURNAME,USER_EMAIL,USER_PASSWORD) VALUES (4,'Dane','Campos','odio.sagittis@liberoDonecconsectetuer.edu','9172');
INSERT INTO USERS (USER_ID,USER_NAME,USER_SURNAME,USER_EMAIL,USER_PASSWORD) VALUES (5,'Zahir','Gill','aliquet@semper.co.uk','6409');
INSERT INTO USERS (USER_ID,USER_NAME,USER_SURNAME,USER_EMAIL,USER_PASSWORD) VALUES (6,'Nissim','Wiley','augue.id.ante@mauriserat.edu','9655');
INSERT INTO USERS (USER_ID,USER_NAME,USER_SURNAME,USER_EMAIL,USER_PASSWORD) VALUES (7,'Samson','Oconnor','velit@nonhendrerit.ca','2067');
INSERT INTO USERS (USER_ID,USER_NAME,USER_SURNAME,USER_EMAIL,USER_PASSWORD) VALUES (8,'Merritt','Reilly','accumsan@Cum.com','1794');
INSERT INTO USERS (USER_ID,USER_NAME,USER_SURNAME,USER_EMAIL,USER_PASSWORD) VALUES (9,'Kelly','Klein','massa.rutrum@cubiliaCuraePhasellus.org','5021');
INSERT INTO USERS (USER_ID,USER_NAME,USER_SURNAME,USER_EMAIL,USER_PASSWORD) VALUES (10,'Denton','Stout','pellentesque@semperpretiumneque.edu','9987');
INSERT INTO USERS (USER_ID,USER_NAME,USER_SURNAME,USER_EMAIL,USER_PASSWORD) VALUES (11,'Duncan','Hawkins','Sed.eget.lacus@nequepellentesque.ca','3858');
INSERT INTO USERS (USER_ID,USER_NAME,USER_SURNAME,USER_EMAIL,USER_PASSWORD) VALUES (12,'Andrew','Melton','in.consequat.enim@aliquetProin.net','4725');
INSERT INTO USERS (USER_ID,USER_NAME,USER_SURNAME,USER_EMAIL,USER_PASSWORD) VALUES (13,'Ali','Warren','metus.urna@Suspendissecommodo.co.uk','7397');
INSERT INTO USERS (USER_ID,USER_NAME,USER_SURNAME,USER_EMAIL,USER_PASSWORD) VALUES (14,'Neville','Fisher','ante.bibendum@enim.com','5320');
INSERT INTO USERS (USER_ID,USER_NAME,USER_SURNAME,USER_EMAIL,USER_PASSWORD) VALUES (15,'Raja','Ramos','convallis.in@mattis.edu','7340');
INSERT INTO USERS (USER_ID,USER_NAME,USER_SURNAME,USER_EMAIL,USER_PASSWORD) VALUES (16,'Basil','Stark','cursus.in.hendrerit@aliquamarcu.co.uk','5969');
INSERT INTO USERS (USER_ID,USER_NAME,USER_SURNAME,USER_EMAIL,USER_PASSWORD) VALUES (17,'Leo','Erickson','Cras@nisi.ca','3095');
INSERT INTO USERS (USER_ID,USER_NAME,USER_SURNAME,USER_EMAIL,USER_PASSWORD) VALUES (18,'Jamal','Mcclure','aliquet.magna.a@imperdietornare.edu','5891');
INSERT INTO USERS (USER_ID,USER_NAME,USER_SURNAME,USER_EMAIL,USER_PASSWORD) VALUES (19,'Charles','Singleton','vitae.posuere@Nuncpulvinararcu.ca','9243');
INSERT INTO USERS (USER_ID,USER_NAME,USER_SURNAME,USER_EMAIL,USER_PASSWORD) VALUES (20,'Lev','Hewitt','commodo.at@sedsem.org','7407');


INSERT INTO CITIES (CITY_ID,CITY_NAME) VALUES (1,'Sauris');
INSERT INTO CITIES (CITY_ID,CITY_NAME) VALUES (2,'Springdale');
INSERT INTO CITIES (CITY_ID,CITY_NAME) VALUES (3,'Juazeiro do Norte');
INSERT INTO CITIES (CITY_ID,CITY_NAME) VALUES (4,'Murwara');
INSERT INTO CITIES (CITY_ID,CITY_NAME) VALUES (5,'Lansing');
INSERT INTO CITIES (CITY_ID,CITY_NAME) VALUES (6,'İslahiye');
INSERT INTO CITIES (CITY_ID,CITY_NAME) VALUES (7,'Vancouver');
INSERT INTO CITIES (CITY_ID,CITY_NAME) VALUES (8,'Meerhout');
INSERT INTO CITIES (CITY_ID,CITY_NAME) VALUES (9,'Ashbourne');
INSERT INTO CITIES (CITY_ID,CITY_NAME) VALUES (10,'Villingen-Schwennin');
INSERT INTO CITIES (CITY_ID,CITY_NAME) VALUES (11,'Oordegem');
INSERT INTO CITIES (CITY_ID,CITY_NAME) VALUES (12,'Cochrane');
INSERT INTO CITIES (CITY_ID,CITY_NAME) VALUES (13,'Silchar');
INSERT INTO CITIES (CITY_ID,CITY_NAME) VALUES (14,'Sorgà');
INSERT INTO CITIES (CITY_ID,CITY_NAME) VALUES (15,'Surat');
INSERT INTO CITIES (CITY_ID,CITY_NAME) VALUES (16,'Rycroft');
INSERT INTO CITIES (CITY_ID,CITY_NAME) VALUES (17,'Gateshead');
INSERT INTO CITIES (CITY_ID,CITY_NAME) VALUES (18,'Sauris');
INSERT INTO CITIES (CITY_ID,CITY_NAME) VALUES (19,'Eugene');
INSERT INTO CITIES (CITY_ID,CITY_NAME) VALUES (20,'Beaumont');


INSERT INTO APARTMENT_TYPES (APARTMENT_TYPE_ID, APARTMENT_TYPE_TITLE) VALUES (1, 'Entire home');
INSERT INTO AB_ROOM_TYPES (APARTMENT_TYPE_ID, APARTMENT_TYPE_TITLE) VALUES (2, 'Shared room');
INSERT INTO AB_ROOM_TYPES (APARTMENT_TYPE_ID, APARTMENT_TYPE_TITLE) VALUES (3, 'Private Room');


INSERT INTO APARTMENTS (AP_ID,AP_NAME,AP_DESCRIPTION,AP_GUEST_COUNT,AP_COST_PER_DAY,AP_APARTMENT_TYPE_ID,AP_CITY_ID) VALUES (1,'Lubuskie','quam vel sapien imperdiet ornare. In',3,118,1,14);
INSERT INTO APARTMENTS (AP_ID,AP_NAME,AP_DESCRIPTION,AP_GUEST_COUNT,AP_COST_PER_DAY,AP_APARTMENT_TYPE_ID,AP_CITY_ID) VALUES (2,'Indiana','Cras vulputate velit eu sem. Pellentesque',4,112,2,1);
INSERT INTO APARTMENTS (AP_ID,AP_NAME,AP_DESCRIPTION,AP_GUEST_COUNT,AP_COST_PER_DAY,AP_APARTMENT_TYPE_ID,AP_CITY_ID) VALUES (3,'CL','arcu. Vestibulum ut eros non enim',2,137,2,17);
INSERT INTO APARTMENTS (AP_ID,AP_NAME,AP_DESCRIPTION,AP_GUEST_COUNT,AP_COST_PER_DAY,AP_APARTMENT_TYPE_ID,AP_CITY_ID) VALUES (4,'PI','nulla. Integer vulputate, risus a ultricies',2,103,2,6);
INSERT INTO APARTMENTS (AP_ID,AP_NAME,AP_DESCRIPTION,AP_GUEST_COUNT,AP_COST_PER_DAY,AP_APARTMENT_TYPE_ID,AP_CITY_ID) VALUES (5,'Noord Brabant','sit amet nulla. Donec non justo.',5,96,1,11);
INSERT INTO APARTMENTS (AP_ID,AP_NAME,AP_DESCRIPTION,AP_GUEST_COUNT,AP_COST_PER_DAY,AP_APARTMENT_TYPE_ID,AP_CITY_ID) VALUES (6,'ON','cursus et, magna. Praesent interdum ligula',5,126,2,15);
INSERT INTO APARTMENTS (AP_ID,AP_NAME,AP_DESCRIPTION,AP_GUEST_COUNT,AP_COST_PER_DAY,AP_APARTMENT_TYPE_ID,AP_CITY_ID) VALUES (7,'HH','posuere at, velit. Cras lorem lorem,',1,142,2,11);
INSERT INTO APARTMENTS (AP_ID,AP_NAME,AP_DESCRIPTION,AP_GUEST_COUNT,AP_COST_PER_DAY,AP_APARTMENT_TYPE_ID,AP_CITY_ID) VALUES (8,'AZ','tempor, est ac mattis semper, dui',6,33,2,6);
INSERT INTO APARTMENTS (AP_ID,AP_NAME,AP_DESCRIPTION,AP_GUEST_COUNT,AP_COST_PER_DAY,AP_APARTMENT_TYPE_ID,AP_CITY_ID) VALUES (9,'CAL','ipsum. Donec sollicitudin adipiscing ligula. Aenean',4,32,3,13);
INSERT INTO APARTMENTS (AP_ID,AP_NAME,AP_DESCRIPTION,AP_GUEST_COUNT,AP_COST_PER_DAY,AP_APARTMENT_TYPE_ID,AP_CITY_ID) VALUES (10,'Vienna','ultricies ornare, elit elit fermentum risus,',1,29,3,20);
INSERT INTO APARTMENTS (AP_ID,AP_NAME,AP_DESCRIPTION,AP_GUEST_COUNT,AP_COST_PER_DAY,AP_APARTMENT_TYPE_ID,AP_CITY_ID) VALUES (11,'Uttar Pradesh','eu odio tristique pharetra. Quisque ac',6,47,2,8);
INSERT INTO APARTMENTS (AP_ID,AP_NAME,AP_DESCRIPTION,AP_GUEST_COUNT,AP_COST_PER_DAY,AP_APARTMENT_TYPE_ID,AP_CITY_ID) VALUES (12,'C','commodo at, libero. Morbi accumsan laoreet',3,131,1,16);
INSERT INTO APARTMENTS (AP_ID,AP_NAME,AP_DESCRIPTION,AP_GUEST_COUNT,AP_COST_PER_DAY,AP_APARTMENT_TYPE_ID,AP_CITY_ID) VALUES (13,'Berlin','Nulla facilisis. Suspendisse commodo tincidunt nibh.',4,146,3,13);
INSERT INTO APARTMENTS (AP_ID,AP_NAME,AP_DESCRIPTION,AP_GUEST_COUNT,AP_COST_PER_DAY,AP_APARTMENT_TYPE_ID,AP_CITY_ID) VALUES (14,'WE','magna. Ut tincidunt orci quis lectus.',3,98,1,12);
INSERT INTO APARTMENTS (AP_ID,AP_NAME,AP_DESCRIPTION,AP_GUEST_COUNT,AP_COST_PER_DAY,AP_APARTMENT_TYPE_ID,AP_CITY_ID) VALUES (15,'Karnataka','nunc. Quisque ornare tortor at risus.',3,42,3,9);
INSERT INTO APARTMENTS (AP_ID,AP_NAME,AP_DESCRIPTION,AP_GUEST_COUNT,AP_COST_PER_DAY,AP_APARTMENT_TYPE_ID,AP_CITY_ID) VALUES (16,'Galicia','odio. Phasellus at augue id ante',4,81,2,19);
INSERT INTO APARTMENTS (AP_ID,AP_NAME,AP_DESCRIPTION,AP_GUEST_COUNT,AP_COST_PER_DAY,AP_APARTMENT_TYPE_ID,AP_CITY_ID) VALUES (17,'N.','Phasellus elit pede, malesuada vel, venenatis',7,113,2,8);
INSERT INTO APARTMENTS (AP_ID,AP_NAME,AP_DESCRIPTION,AP_GUEST_COUNT,AP_COST_PER_DAY,AP_APARTMENT_TYPE_ID,AP_CITY_ID) VALUES (18,'LU','tristique senectus et netus et malesuada',8,48,3,13);
INSERT INTO APARTMENTS (AP_ID,AP_NAME,AP_DESCRIPTION,AP_GUEST_COUNT,AP_COST_PER_DAY,AP_APARTMENT_TYPE_ID,AP_CITY_ID) VALUES (19,'Wie','nec, cursus a, enim. Suspendisse aliquet,',4,84,2,17);
INSERT INTO APARTMENTS (AP_ID,AP_NAME,AP_DESCRIPTION,AP_GUEST_COUNT,AP_COST_PER_DAY,AP_APARTMENT_TYPE_ID,AP_CITY_ID) VALUES (20,'GA','Proin sed turpis nec mauris blandit',4,50,2,20);



INSERT INTO APARTMENTS (APPL_ID,APPL_USER_ID,APPL_APARTMENT_ID,APPL_TOTAL_COST,APPL_CHECK_IN_DATE,APPL_CHECK_OUT_DATE) VALUES (1,12,1,449,TO_DATE('17-Feb-2017', 'DD-MM-YYYY'),TO_DATE('17-Sep-2016', 'DD-MM-YYYY'));
INSERT INTO APARTMENTS (APPL_ID,APPL_USER_ID,APPL_APARTMENT_ID,APPL_TOTAL_COST,APPL_CHECK_IN_DATE,APPL_CHECK_OUT_DATE) VALUES (2,20,12,497,TO_DATE('17-Feb-2017', 'DD-MM-YYYY'),TO_DATE('17-Sep-2016', 'DD-MM-YYYY'));
INSERT INTO APARTMENTS (APPL_ID,APPL_USER_ID,APPL_APARTMENT_ID,APPL_TOTAL_COST,APPL_CHECK_IN_DATE,APPL_CHECK_OUT_DATE) VALUES (3,10,13,186,TO_DATE('17-Feb-2017', 'DD-MM-YYYY'),TO_DATE('17-Sep-2016', 'DD-MM-YYYY'));
INSERT INTO APARTMENTS (APPL_ID,APPL_USER_ID,APPL_APARTMENT_ID,APPL_TOTAL_COST,APPL_CHECK_IN_DATE,APPL_CHECK_OUT_DATE) VALUES (4,18,12,90,TO_DATE('17-Feb-2017', 'DD-MM-YYYY'),TO_DATE('17-Sep-2016', 'DD-MM-YYYY'));
INSERT INTO APARTMENTS (APPL_ID,APPL_USER_ID,APPL_APARTMENT_ID,APPL_TOTAL_COST,APPL_CHECK_IN_DATE,APPL_CHECK_OUT_DATE) VALUES (5,12,1,369,TO_DATE('17-Feb-2017', 'DD-MM-YYYY'),TO_DATE('17-Sep-2016', 'DD-MM-YYYY'));
INSERT INTO APARTMENTS (APPL_ID,APPL_USER_ID,APPL_APARTMENT_ID,APPL_TOTAL_COST,APPL_CHECK_IN_DATE,APPL_CHECK_OUT_DATE) VALUES (6,13,11,101,TO_DATE('17-Feb-2017', 'DD-MM-YYYY'),TO_DATE('17-Sep-2016', 'DD-MM-YYYY'));
INSERT INTO APARTMENTS (APPL_ID,APPL_USER_ID,APPL_APARTMENT_ID,APPL_TOTAL_COST,APPL_CHECK_IN_DATE,APPL_CHECK_OUT_DATE) VALUES (7,6,6,280,TO_DATE('17-Feb-2017', 'DD-MM-YYYY'),TO_DATE('17-Sep-2016', 'DD-MM-YYYY'));
INSERT INTO APARTMENTS (APPL_ID,APPL_USER_ID,APPL_APARTMENT_ID,APPL_TOTAL_COST,APPL_CHECK_IN_DATE,APPL_CHECK_OUT_DATE) VALUES (8,10,15,278,TO_DATE('17-Feb-2017', 'DD-MM-YYYY'),TO_DATE('17-Sep-2016', 'DD-MM-YYYY'));
INSERT INTO APARTMENTS (APPL_ID,APPL_USER_ID,APPL_APARTMENT_ID,APPL_TOTAL_COST,APPL_CHECK_IN_DATE,APPL_CHECK_OUT_DATE) VALUES (9,20,2,262,TO_DATE('17-Feb-2017', 'DD-MM-YYYY'),TO_DATE('17-Sep-2016', 'DD-MM-YYYY'));
INSERT INTO APARTMENTS (APPL_ID,APPL_USER_ID,APPL_APARTMENT_ID,APPL_TOTAL_COST,APPL_CHECK_IN_DATE,APPL_CHECK_OUT_DATE) VALUES (10,8,2,183,TO_DATE('17-Feb-2017', 'DD-MM-YYYY'),TO_DATE('17-Sep-2016', 'DD-MM-YYYY'));
INSERT INTO APARTMENTS (APPL_ID,APPL_USER_ID,APPL_APARTMENT_ID,APPL_TOTAL_COST,APPL_CHECK_IN_DATE,APPL_CHECK_OUT_DATE) VALUES (11,11,1,446,TO_DATE('17-Feb-2017', 'DD-MM-YYYY'),TO_DATE('17-Sep-2016', 'DD-MM-YYYY'));
INSERT INTO APARTMENTS (APPL_ID,APPL_USER_ID,APPL_APARTMENT_ID,APPL_TOTAL_COST,APPL_CHECK_IN_DATE,APPL_CHECK_OUT_DATE) VALUES (12,19,5,222,TO_DATE('17-Feb-2017', 'DD-MM-YYYY'),TO_DATE('17-Sep-2016', 'DD-MM-YYYY'));
INSERT INTO APARTMENTS (APPL_ID,APPL_USER_ID,APPL_APARTMENT_ID,APPL_TOTAL_COST,APPL_CHECK_IN_DATE,APPL_CHECK_OUT_DATE) VALUES (13,5,17,85,TO_DATE('17-Feb-2017', 'DD-MM-YYYY'),TO_DATE('17-Sep-2016', 'DD-MM-YYYY'));
INSERT INTO APARTMENTS (APPL_ID,APPL_USER_ID,APPL_APARTMENT_ID,APPL_TOTAL_COST,APPL_CHECK_IN_DATE,APPL_CHECK_OUT_DATE) VALUES (14,9,8,124,TO_DATE('17-Feb-2017', 'DD-MM-YYYY'),TO_DATE('17-Sep-2016', 'DD-MM-YYYY'));
INSERT INTO APARTMENTS (APPL_ID,APPL_USER_ID,APPL_APARTMENT_ID,APPL_TOTAL_COST,APPL_CHECK_IN_DATE,APPL_CHECK_OUT_DATE) VALUES (15,5,17,175,TO_DATE('17-Feb-2017', 'DD-MM-YYYY'),TO_DATE('17-Sep-2016', 'DD-MM-YYYY'));
INSERT INTO APARTMENTS (APPL_ID,APPL_USER_ID,APPL_APARTMENT_ID,APPL_TOTAL_COST,APPL_CHECK_IN_DATE,APPL_CHECK_OUT_DATE) VALUES (16,10,18,70,TO_DATE('17-Feb-2017', 'DD-MM-YYYY'),TO_DATE('17-Sep-2016', 'DD-MM-YYYY'));
INSERT INTO APARTMENTS (APPL_ID,APPL_USER_ID,APPL_APARTMENT_ID,APPL_TOTAL_COST,APPL_CHECK_IN_DATE,APPL_CHECK_OUT_DATE) VALUES (17,19,19,207,TO_DATE('17-Feb-2017', 'DD-MM-YYYY'),TO_DATE('17-Sep-2016', 'DD-MM-YYYY'));
INSERT INTO APARTMENTS (APPL_ID,APPL_USER_ID,APPL_APARTMENT_ID,APPL_TOTAL_COST,APPL_CHECK_IN_DATE,APPL_CHECK_OUT_DATE) VALUES (18,5,16,80,TO_DATE('17-Feb-2017', 'DD-MM-YYYY'),TO_DATE('17-Sep-2016', 'DD-MM-YYYY'));
INSERT INTO APARTMENTS (APPL_ID,APPL_USER_ID,APPL_APARTMENT_ID,APPL_TOTAL_COST,APPL_CHECK_IN_DATE,APPL_CHECK_OUT_DATE) VALUES (19,17,3,271,TO_DATE('17-Feb-2017', 'DD-MM-YYYY'),TO_DATE('17-Sep-2016', 'DD-MM-YYYY'));
INSERT INTO APARTMENTS (APPL_ID,APPL_USER_ID,APPL_APARTMENT_ID,APPL_TOTAL_COST,APPL_CHECK_IN_DATE,APPL_CHECK_OUT_DATE) VALUES (20,16,18,80,TO_DATE('17-Feb-2017', 'DD-MM-YYYY'),TO_DATE('17-Sep-2016', 'DD-MM-YYYY'));
